feature,importance
vol_lag_1h,0.7525227002680044
hour_cos,0.18762420220061746
hour_sin,0.021596071213953284
9,0.01636038601549722
is_weekend,0.012565641637722013
vol_lag_24h,0.0037537145664444057
day_name_Friday,0.0009866939275772447
day_name_Saturday,0.0008016898045514978
13,0.0006714804716663101
day_name_Monday,0.000623653722070061
12,0.0005392886406984234
14,0.0004740814163096931
day_name_Thursday,0.0002773384281930985
day_name_Tuesday,0.00025180850711760226
day_name_Sunday,0.00023956224029481778
11,0.0002315997194072195
day_name_Wednesday,0.00021805041438853186
10,0.00014239426939059615
rain_flag,0.00011273406502417322
rain_heavy,6.908471071994506e-06
snow_flag,0.0
